{"charErrorRates": [0.9838042269187987, 0.9088765294771969, 0.5869187986651835, 0.3779310344827586, 0.31261401557285873, 0.2745717463848721, 0.23661846496106786, 0.22100111234705228, 0.21619577308120133, 0.19114571746384873, 0.1854060066740823, 0.17828698553948832, 0.17054505005561735, 0.16542825361512792, 0.16235817575083425, 0.16048943270300334, 0.1542157953281424, 0.14634037819799778, 0.15083426028921024, 0.14424916573971078, 0.14909899888765296, 0.13917686318131256, 0.13655172413793104, 0.13886540600667407, 0.13984427141268074, 0.13828698553948832, 0.1307230255839822, 0.13014460511679643, 0.12827586206896552, 0.1250723025583982, 0.1243159065628476, 0.130055617352614, 0.12080088987764183, 0.1217797552836485, 0.12289210233592882, 0.12186874304783092, 0.12249165739710789, 0.12066740823136819, 0.1263626251390434, 0.11559510567296996, 0.12387096774193548, 0.11733036707452725, 0.12008898776418242, 0.11510567296996663, 0.11470522803114572, 0.11328142380422691, 0.11652947719688543, 0.11506117908787541, 0.11434927697441602, 0.11096774193548387, 0.11559510567296996, 0.11532814238042269, 0.11768631813125695, 0.11345939933259176, 0.11310344827586206, 0.11083426028921023, 0.11199110122358176, 0.11261401557285873, 0.11221357063403782, 0.10914349276974417, 0.10972191323692992, 0.11448275862068966, 0.11474972191323693, 0.11030033370411568, 0.1085650723025584, 0.11310344827586206, 0.11012235817575083, 0.107853170189099, 0.11123470522803114, 0.10945494994438265, 0.11243604004449388, 0.10909899888765295, 0.11025583982202447, 0.10869855394883203, 0.10669632925472748, 0.10803114571746385, 0.11199110122358176, 0.10874304783092324, 0.11150166852057843, 0.10576195773081201, 0.10789766407119021, 0.10874304783092324, 0.10945494994438265, 0.10905450500556174, 0.10825361512791991, 0.11061179087875417, 0.10923248053392659, 0.11167964404894327, 0.1064738598442714, 0.11813125695216908, 0.10763070077864294, 0.10731924360400445, 0.10691879866518354, 0.11047830923248053, 0.10905450500556174, 0.1067853170189099, 0.10852057842046718, 0.10727474972191324, 0.10892102335928809, 0.10803114571746385, 0.10736373748609566, 0.10798665183537264, 0.11012235817575083, 0.10625139043381535, 0.10994438264738599], "wordAccuracies": [0.061394380853277836, 0.06677072493929934, 0.20308706208810268, 0.3489420742282345, 0.415539368713146, 0.4542143600416233, 0.514047866805411, 0.540582726326743, 0.54630593132154, 0.5849809226500173, 0.5924384321886923, 0.6045785639958376, 0.6160249739854319, 0.6219216094346167, 0.6285119667013528, 0.6368366285119667, 0.6484564689559487, 0.6574748525841138, 0.6453347207769684, 0.6651057925771765, 0.6500173430454388, 0.6730835934790149, 0.6781130766562609, 0.6753381893860562, 0.6687478321193202, 0.6727367325702394, 0.6883454734651405, 0.6919875130072841, 0.6942421089143254, 0.6997918834547346, 0.7029136316337149, 0.6938952480055498, 0.7108914325355532, 0.7114117238987167, 0.7075962539021852, 0.7051682275407561, 0.7048213666319806, 0.708636836628512, 0.7015261879986125, 0.7237252861602498, 0.7032604925424905, 0.7150537634408602, 0.7131460284425946, 0.725979882067291, 0.7245924384321887, 0.7266736038848421, 0.7211238293444329, 0.7258064516129032, 0.7266736038848421, 0.7277141866111689, 0.7230315643426986, 0.7211238293444329, 0.7218175511619841, 0.7240721470690253, 0.7263267429760666, 0.7325702393340271, 0.7341311134235172, 0.7322233784252514, 0.7313562261533125, 0.7370794311481096, 0.7365591397849462, 0.7271938952480056, 0.7299687825182102, 0.7336108220603538, 0.7384668747832119, 0.7291016302462713, 0.7353451266042317, 0.744190079778009, 0.7362122788761707, 0.7384668747832119, 0.733437391605966, 0.7356919875130072, 0.7327436697884149, 0.7403746097814776, 0.7452306625043358, 0.735865417967395, 0.7353451266042317, 0.7400277488727021, 0.7303156434269857, 0.7426292056885189, 0.7426292056885189, 0.7410683315990287, 0.7393340270551508, 0.7372528616024974, 0.7400277488727021, 0.7370794311481096, 0.7438432188692334, 0.7386403052375997, 0.7447103711411724, 0.7211238293444329, 0.7415886229621922, 0.7414151925078044, 0.744190079778009, 0.7325702393340271, 0.7386403052375997, 0.744190079778009, 0.7370794311481096, 0.745057232049948, 0.7429760665972945, 0.7424557752341311, 0.7436697884148457, 0.7426292056885189, 0.7329171002428027, 0.7447103711411724, 0.7388137356919875]}